{
  "collection": "users",
  "structure": {
    "document": "{userId} (ID odpowiada UID użytkownika z Firebase Auth)",
    "fields": [
      {
        "name": "email",
        "type": "string",
        "description": "Adres e-mail użytkownika"
      },
      {
        "name": "displayName",
        "type": "string",
        "description": "Wyświetlana nazwa użytkownika (opcjonalne)"
      },
      // ... inne pola użytkownika (opcjonalne)
      {
        "name": "workouts",
        "type": "subcollection",
        "description": "Podkolekcja przechowująca treningi użytkownika",
        "documentStructure": {
          "document": "{autoGeneratedWorkoutId}",
          "fields": [
            {
              "name": "category",
              "type": "string",
              "description": "Kategoria treningu (np. Nogi, Klatka)"
            },
            {
              "name": "name",
              "type": "string",
              "description": "Nazwa treningu"
            },
            {
              "name": "exercises",
              "type": "array",
              "description": "Lista ćwiczeń w treningu",
              "itemStructure": {
                "type": "object",
                "fields": [
                  {
                    "name": "exerciseName",
                    "type": "string",
                    "description": "Nazwa ćwiczenia"
                  },
                  {
                    "name": "series",
                    "type": "number",
                    "description": "Planowana liczba serii"
                  },
                  {
                    "name": "reps",
                    "type": "number",
                    "description": "Docelowa liczba powtórzeń (opcjonalne)"
                  },
                  {
                    "name": "weights",
                    "type": "number",
                    "description": "Sugerowane obciążenie (opcjonalne)"
                  }
                  // ... inne pola ćwiczenia
                ]
              }
            }
            // ... inne pola treningu (opcjonalne)
          ]
        }
      },
      {
        "name": "exerciseLogs",
        "type": "subcollection",
        "description": "Podkolekcja przechowująca logi wykonanych ćwiczeń użytkownika",
        "documentStructure": {
          "document": "{autoGeneratedLogId}",
          "fields": [
            {
              "name": "workoutId",
              "type": "string",
              "description": "ID dokumentu treningu z podkolekcji 'workouts'"
            },
            {
              "name": "exerciseName",
              "type": "string",
              "description": "Nazwa ćwiczenia, które zostało zalogowane"
            },
            {
              "name": "reps",
              "type": "number",
              "description": "Liczba wykonanych powtórzeń"
            },
            {
              "name": "weight",
              "type": "number",
              "description": "Użyte obciążenie (opcjonalne)"
            },
            {
              "name": "date",
              "type": "timestamp",
              "description": "Data i czas zalogowania"
            }
            
          ]
        }
      }
    ]
  }
}
